header,A,A,A,A,A,A,A,A,A,A,A,A
0.8461101218104102,0.4310398782358206,0.6716068573989408,0.6927948947436229,0.3610617084069889,0.34796065020704425,0.7413667742358281,0.9879912563930892,0.4492227693881603,0.08127090521990499,0.8453374743235156,0.31033987801576257,0.7089874308415097
0.6183186729144914,0.8895640393066024,0.5416170258954618,0.2928067491176477,0.6765614898505773,0.5309966130916195,0.8249082123978745,0.6518017802328112,0.7539292716642566,0.8159725330919723,0.37292742416644464,0.34038726658334584,0.8208390505241971
0.5037754614619991,0.9612022551929229,0.5325181824192189,0.7854640987464203,0.640023280059957,0.5957059786044212,0.18779799285032317,0.2181635016335085,0.9443717181265552,0.46837702830949635,0.8621718691403292,0.0492723940588885,0.16592921007543837
