{"len": 22.23474975780178, "input": 70.28909273223061, "more_data": 284143784}