{"len": -106.2352940897317, "input": 84.8830649821524, "more_data": -76.33090908332235}