{"len": 30.014200579994082, "input": null, "more_data": -110.7132865864067}