{"len": -103.19880057220794, "input": -64.51304531616734, "more_data": true}