{"0": -45.98600329140538, "1": -31.480184400815517, "2": -147081388, "3": -23.419098274527357, "4": 226680622, "5": "EusyAvUmYAZlGIofafSshMfbrTOQVZTfNINcTPFrXFaiYA", "6": [-8, -7, -6, -5, -4, -3, -2, -1, 0, 1, 2, 3, 4, 5, 6, 7, 8, 9, 10, 11, 12, 13, 14, 15, 16, 17, 18, 19, 20, 21, 22, 23, 24, 25, 26], "7": false}