{"0": 74.32891056941764, "1": false, "2": null, "3": false, "4": -69.74968372803511, "5": null, "6": true, "7": -71479857}