{"0": [-4, -3, -2, -1, 0, 1, 2, 3, 4, 5, 6, 7, 8, 9, 10, 11, 12, 13], "1": null, "2": -71.21306607420976, "3": 66.46092925474008, "4": null, "5": true, "6": -259462785, "7": 51932218}